{
  "code": 0,
  "msg": "",
  "data": {
    "total": 18,
    "list": [
      {
        "id": 10005,
        "username": "user-5",
        "sex": "女",
        "city": "城市-5",
        "sign": "签名-5",
        "experience": -173,
        "birthday": "1989/01/01",
        "logins": 68,
        "wealth": 60344147,
        "classify": "作家",
        "score": 87
      },
      {
        "id": 10006,
        "username": "user-6",
        "sex": "女",
        "city": "城市-6",
        "sign": "签名-6",
        "experience": -982,
        "birthday": "1989/01/01",
        "logins": 37,
        "wealth": 57768166,
        "classify": "作家",
        "score": 34
      },
      {
        "id": 10007,
        "username": "user-7",
        "sex": "男",
        "city": "城市-7",
        "sign": "签名-7",
        "experience": -727,
        "birthday": "1989/01/01",
        "logins": 150,
        "wealth": 82030578,
        "classify": "作家",
        "score": 28
      },
      {
        "id": 10008,
        "username": "user-8",
        "sex": "男",
        "city": "城市-8",
        "sign": "签名-8",
        "experience": -951,
        "birthday": "1989/01/01",
        "logins": 133,
        "wealth": 16503371,
        "classify": "词人",
        "score": 14
      },
      {
        "id": 10009,
        "username": "user-9",
        "sex": "女",
        "city": "城市-9",
        "sign": "签名-9",
        "experience": 0,
        "birthday": "2018/12/12",
        "logins": 25,
        "wealth": 86801934,
        "classify": "词人",
        "score": 75
      }
    ]
  }
}
